PLAY #,ODK,PERSONNEL,BACKFIELD,DN,DIST,HASH,YARD LN,PLAY TYPE,RESULT,GN/LS,OFF FORM,OFF PLAY,OFF STR,PLAY DIR,PLAYER,QTR
6,O,,PISTOL,1,10,M,-30,Pass,Complete,59,PRO OFF TWINS,DRIVE,L,L,,1
7,O,,I,1,10,R,11,Pass,Complete,-1,UNBALANCED WING,RPO POWER,R,L,,1
8,O,,PISTOL,2,11,L,12,Pass,Complete,5,UNBALANCED WING,RPO POWER,R,R,,1
9,O,,RIGHT,3,6,R,7,Pass,"Complete, TD",7,TWINS TIGHT,MESH,BAL,R,,1
30,O,,PISTOL,1,10,R,-41,Pass,Incomplete,0,ACE OFF,POST CROSS,L,L,,1
31,O,,LEFT,1,10,R,-41,Pass,Complete,4,PRO OFF TWINS,Y HOT,L,L,,2
32,O,,LEFT,2,6,L,-45,Pass,Complete,5,TREY OFF,QUICK SCREEN,L,L,,2
33,O,,I,3,1,L,50,Run,Rush,-2,UNBALANCED WING,,L,L,,2
41,O,,,1,10,M,1,,Timeout,0,HULK OVER,,,,,2
42,O,,I,1,10,M,1,Run,Rush,0,HULK OPEN,ZONE KICK,R,L,,2
43,O,,I,2,10,M,1,Run,Rush,-21,HULK OPEN,,R,R,,2
44,O,,,3,31,M,22,Pass,"Complete, TD",22,TRIPS BUNCH,VERTS,L,R,,2
56,O,,RIGHT,1,10,L,-43,Pass,Complete,21,TRIPS OPEN,SAIL,R,L,,2
57,O,,NEAR,1,10,R,36,Pass,Complete,14,TRIPS OPEN,HITCH,L,R,,2
58,O,,NEAR,1,10,R,22,Pass,Complete,0,TRIPS OPEN,BUBBLE,L,L,,2
59,O,,,2,10,L,22,Pass,Incomplete,0,TWINS,POST CROSS,BAL,L,,2
60,O,,,3,10,L,22,Pass,Penalty,11,DEUCE STACK,SMASH,BAL,R,,2
61,O,,I,1,10,L,11,Pass,Complete,10,EMPTY Y OFF,WAGGLE,BAL,L,,2
62,O,,I,1,1,L,1,Run,Rush,-24,DEUCE STACK,,BAL,R,,2
63,O,,,2,25,M,25,Pass,Incomplete,0,EMPTY,VERTS,R,L,,2
65,O,,I,1,10,L,-35,Run,Rush,10,PRO WING,POWER,L,L,,3
66,O,,I,1,10,L,-45,Run,Rush,5,PRO WING,DUO KICK,R,L,,3
67,O,,,2,5,L,50,Run,Rush,6,PRO WING,COUNTER,L,L,,3
68,O,,,1,10,L,44,Run,Rush,8,PRO WING,ZONE,R,R,,3
69,O,,,2,2,M,36,Run,Penalty,-11,UNBALANCED WING,ZONE,L,L,,3
70,O,,I,2,13,L,47,Pass,Interception,,PRO WING,VERTS,L,L,,3
75,O,,,1,10,R,22,Run,Rush,2,UNBALANCED TREY,JET,L,L,,3
76,O,,I,2,8,L,20,Run,Rush,3,,,L,L,,3
77,O,,I,3,5,L,17,Run,Rush,13,TREY ON,,L,L,,3
78,O,,I,1,4,L,4,Run,Rush,3,TWINS CLOSED,,L,L,,3
79,O,,,2,1,L,1,Run,"Rush, TD",1,DOUBLE TIGHT,,L,L,,3
96,O,,,1,10,M,-25,Run,Rush,11,WING TWINS,,L,R,,4
97,O,,,1,10,R,-36,Run,Fumble,-2,TWINS STACK CLOSED,,R,R,,4
112,O,,,1,10,R,32,Run,Rush,1,TREY ON,,R,R,,4
113,O,,,2,9,R,31,Run,Rush,3,DOLPHIN,,R,R,,4
114,O,,,3,6,R,28,Run,Rush,-2,DOLPHIN,,R,R,,4
115,O,,I,4,7,R,30,Pass,Interception,,DOLPHIN,,R,R,,4
120,O,,,1,10,R,15,Run,"Rush, TD",15,TIGER,,L,L,,4
129,O,,,1,10,L,40,Run,Rush,-8,UTAH,,BAL,,,4
130,O,,,2,18,L,48,Run,Rush,-8,UTAH,,BAL,,,4
8,O,,,1,10,M,-20,Run,Rush,-1,TWINS LEFT QUEEN CLOSED,,R,L,,1
10,O,,,2,11,L,-19,,Penalty,-4,,,,,,1
12,O,,,2,15,L,-15,Run,Rush,2,TWINS LEFT QUEEN CLOSED,,R,L,,1
14,O,,,3,13,L,-17,Pass,Incomplete,0,Twins Open SLOT,,L,R,,1
38,O,,,1,10,M,-20,Run,Rush,8,WING TWINS,,R,L,,1
40,O,,,2,2,L,-28,Run,Rush,6,WING TWINS,,R,R,,1
42,O,,,1,10,L,-34,Pass,Complete,4,WING TWINS,,R,L,,1
44,O,,,2,6,L,-38,Run,Rush,0,WING TWINS,,R,R,,1
46,O,,,3,6,M,-38,Run,Rush,15,TRIPS SLOT OPEN,,L,L,,1
48,O,,,1,10,L,47,Run,Rush,12,Twins Open SLOT,,L,L,,1
50,O,,,1,10,L,35,Run,Fumble,-4,TRIPS SLOT OPEN,,R,L,,1
60,O,,,1,10,L,-22,Run,Rush,2,TRIPS SLOT OPEN,,R,L,,1
62,O,,,2,8,L,-24,Run,Rush,-2,TRIPS SLOT OPEN,,R,L,,1
64,O,,,3,10,L,-22,Run,Rush,9,DEUCE,,BAL,L,,1
86,O,,,1,10,L,-15,Pass,Complete,8,TRIPS SLOT CLOSED,,L,L,,2
88,O,,,2,2,L,-23,Run,Rush,2,TRIPS SLOT CLOSED,,L,R,,2
90,O,,,1,10,M,-25,Run,Rush,16,PRO OPEN SLOT,,R,R,,2
92,O,,,1,10,R,-41,Pass,Complete,9,,,R,R,,2
94,O,,,2,1,R,50,Run,Rush,11,TREY ON,,R,R,,2
96,O,,,1,10,R,39,Pass,Incomplete,0,Twins Open SLOT,,R,L,,2
98,O,,,2,10,R,39,Run,Rush,2,PRO OPEN SLOT,,R,R,,2
100,O,,,3,8,R,37,Run,Rush,-12,DEUCE,,BAL,R,,2
126,O,,,1,10,M,-20,Pass,Incomplete,0,DEUCE,,BAL,R,,2
128,O,,,2,10,M,-20,Run,Rush,10,DEUCE STACK,,BAL,R,,2
130,O,,,1,10,R,-30,Pass,Interception,,TRIPS OPEN,,L,L,,2
139,O,,,1,10,L,36,Pass,Complete,33,TRIPS SLOT CLOSED,,L,R,,3
141,O,,,1,3,R,3,Run,Rush,1,,,L,L,,3
143,O,,,2,2,M,2,Run,"Rush, TD",2,WING CLOSED,,L,L,,3
157,O,,,1,10,L,44,Run,Rush,5,WING TWINS,,L,L,,3
159,O,,,2,5,L,39,Run,Rush,8,PRO OPEN SLOT,,L,L,,3
161,O,,,1,10,L,31,Run,Rush,8,PRO OPEN,,L,L,,3
163,O,,,2,2,L,23,Run,Rush,20,PRO OPEN,,L,R,,3
165,O,,,1,3,M,3,Run,Rush,-3,WING CLOSED,,R,R,,4
167,O,,,2,6,R,6,Run,"Rush, TD",6,WING CLOSED,,R,L,,4
181,O,,,1,10,L,-29,Run,Rush,2,PRO OPEN SLOT,,L,R,,4
183,O,,,3,2,L,-31,Run,Rush,0,PRO WING OPEN,,L,L,,4
185,O,,,4,2,L,-31,,Timeout,0,,,,,,4
203,O,,,1,10,M,-20,Pass,Complete,7,TRIPS SLOT CLOSED,,L,L,,4
205,O,,,2,3,L,-27,Run,Rush,5,,,L,L,,4
207,O,,,1,10,L,-32,Pass,Incomplete,0,PRO WING OPEN,,L,L,,4
209,O,,,2,10,L,-32,Pass,Sack,-1,DEUCE,,BAL,L,,4
211,O,,,3,11,L,-31,Pass,Complete,11,DEUCE,,BAL,L,,4
213,O,,,1,10,L,-42,Run,Rush,0,TRIPS OPEN,,R,R,,4
215,O,,,2,10,M,-42,Pass,Sack,-6,TRIPS OPEN,,R,L,,4
217,O,,,3,16,M,-36,Pass,Fumble,12,DEUCE,,BAL,L,,4
